{
	"name": "token-mold",
	"title": "Token Mold",
	"description": "<p>Gives the option to cast your tokens into a mold of your choosing.</p> <p>Possible options for your mold include:</p> <ul><li>Adding incrementing number suffixes.</li><li>Name generation for tokens.</li><li>Random adjective prefixes. (Examples: angry, calm, bloodthirsty, ...)</li><li>Rolling Hit Points by formula (dnd5e only)</li><li>Set token configuration on placement.</li><li>Providing an overlay to quickly check some stats on token hover.</li><li>Stick templates to your tokens, to let them follow your tokens movement.</li><li>Automatic creature size scaling (dnd5e only)</li></ul><hr>",
	"version": "2.6.0",
	"minimumCoreVersion": "0.5.6",
	"compatibleCoreVersion": "0.5.6",
	"author": "Moerill",
	"packs": [
		{
			"name": "adjectives",
			"label": "Adjectives",
			"module": "token-mold",
			"path": "assets/adjectives.db",
			"entity": "RollTable"
		}
	],
	"esmodules": ["scripts/index.js"],
	"styles": [
		"css/token-mold.css",
		"css/overlay.css",
		"css/sticky-templates.css"
	],
	"manifest": "https://raw.githubusercontent.com/Moerill/token-mold/master/src/module.json",
	"url": "https://github.com/Moerill/token-mold",
	"download": "https://github.com/Moerill/token-mold/releases/download/v2.6.0/token-mold.zip"
}